x1,T,P,y1
0.005061583846218687,97.98857813449244,0.95,0.017829704283110676
0.005522117123602399,97.5184378274364,1.0386925826224824,0.045912670815179656
0.006952130531190703,98.10120273348599,0.997519579424719,0.0622981543590036
0.009197051616629648,97.90687033513096,0.95,0.060742807233213625
0.01083765148029836,97.69169165217073,1.020140202293514,0.051506084163330836
0.011353644767419069,97.82214061886138,0.9835382527677712,0.056027245599449264
0.012154474689816341,97.76384304375236,1.04177395900193,0.04843071384996922
0.014393488629755868,97.53465878099442,1.0212835545141712,0.07007870072573175
0.015456616528867428,98.00134840119736,1.0145419845188342,0.0464771878440321
0.016587828927856152,97.35055322430564,0.9759046314795896,0.059361150769652836
0.018221825651549728,97.501719626964,1.0285862364160883,0.08247724570089568
0.020584494295802447,96.73198881152467,0.9595862113141091,0.04224851424026031
0.023271935735825866,97.016346483813,0.9519410256430849,0.06523004674438655
0.02431596643145384,96.96257194811302,0.9799556774338302,0.07766584246593823
0.02535074341545751,97.05467107085086,1.0154172354897675,0.05945769033661179
0.02541912674409519,97.26664946211488,1.0067405417725566,0.05311764169179258
0.026511310541621813,96.96398018195124,1.0021015648933955,0.06502306026593965
0.03050024993904943,96.7290110894288,1.036514755624765,0.0851446311114659
0.03142918568673425,96.85191618948905,0.957449028012009,0.07774281453532132
0.034388521115218396,96.86043304439153,0.9933623912924269,0.11095670562320477
0.035942273796742086,96.40127347754542,0.9889952676455593,0.09976025658986659
0.036886947354532795,96.29900075363877,0.95,0.07303407944258229
0.03734818874921442,96.62175051799419,1.0456394815576735,0.08274372151680408
0.040728802318970136,96.2655830883055,0.9922135996724825,0.12264551936996873
0.040775141554763916,96.31291723123587,0.9932056332429542,0.11717056615022806
0.04315991195057611,96.17346759365962,1.0086608088783957,0.10316796321037322
0.045227288910538066,96.32899812884756,1.0119906385525792,0.09470423835267676
0.04530400977204452,96.19757982449686,0.9909046065149717,0.08043845795657793
0.04544638034145787,96.32882718029619,0.9907589714744278,0.09334353212418069
0.04600264202175275,96.20310886143434,1.0153931739452824,0.10875837348699471
0.046450412719997725,96.17979361800093,1.0278352038424372,0.07790220555871516
0.05147875124998935,96.05800945446815,0.9860189049439527,0.09138295771928999
0.0516817211686077,95.73325550791084,0.9860614810810482,0.09658763701266863
0.05630327568183735,95.8899230637776,1.0047956917599221,0.1160834565684035
0.057558760016644284,95.84518844075201,0.9855081684494968,0.08945163896458708
0.05808361216819946,95.61698691587141,1.05,0.10780493749310271
0.06355835028602363,95.42944421474756,1.0133380800466043,0.10718094002599649
0.06505159298527952,94.84869257562747,1.0458540527923759,0.10892546950353892
0.06936130087516545,95.27942167944185,1.0412097563548888,0.10452602329534648
0.07056874740042984,95.19265225553194,0.9968665234438758,0.11795223293617814
0.07118864846022899,95.38894181869449,1.0491989358811418,0.12603085892847377
0.07276300636419353,95.0761193711115,0.9932543205457577,0.11594084429200445
0.07379656473539886,95.19235542663408,1.0238046616165664,0.11848570448596503
0.07404465173409036,95.08799655161715,0.974484386373721,0.11498405012007085
0.07455064367977082,94.67610535463618,1.0169652893689463,0.10794369033586003
0.07697990982879299,94.74289693095349,1.05,0.1263751361263288
0.07773463696498484,94.94793543256993,0.9822260722254131,0.13026215596167434
0.07845638134226596,94.68940323435754,0.9796676508842544,0.12282490821939449
0.08134878064189976,94.61129879147292,1.0132582194870823,0.11266091241921639
0.08350071669866876,94.70873553523751,1.0108451057561831,0.1221865574484435
0.08410680611499743,94.58879052175543,0.9960622909872309,0.13277369110245574
0.08413996499504883,94.39716109930777,0.9889891648275003,0.13298110573158942
0.08483771408519192,94.25727374394,0.9672880276767146,0.15492057622967625
0.085347464993768,94.44756221442961,1.035630381653847,0.12794350289454254
0.0884925020519195,94.20484556574445,1.0054306467611112,0.16711143519686875
0.0902897700544083,94.5364101041751,0.9969953777056014,0.15438898315363214
0.09120610304869037,94.42067105547564,0.9525642789390361,0.14447686302096055
0.09128667678613356,94.48544896912357,0.9774409200478354,0.14613745535382275
0.09310276780589921,94.55182384255043,0.9515460455228347,0.12514979286945546
0.09367476782809248,94.10256732241925,1.0096923781934808,0.11547458170883466
0.093981939840869,94.23954041309914,1.0164020070460413,0.12253936589603434
0.0944429607559284,94.39219701818251,1.0483683477396593,0.12264810262497514
0.09717649377076854,94.20293447950408,1.0128492129162294,0.12400217166386081
0.09767211400638387,93.97916437707738,0.9748237099798298,0.14853676837155227
0.09783416065100148,93.66909294746829,1.032579463485251,0.1572517418484647
0.10077800137742665,94.10906712147529,0.9958765445611693,0.1937147732010901
0.10112267612279024,93.98566204431329,0.9703846141854645,0.14631613004463032
0.1014715428660321,93.67798947986624,1.01309679412473,0.1575771398229766
0.10312386883593261,93.59197323852561,0.9907237276885041,0.1665457977691584
0.10789142699330445,93.74368671034819,1.0279777249561928,0.1678080580337031
0.11005192452767676,93.70442660180078,1.0443259024316578,0.16206818038707257
0.11119748230615134,93.5051742908129,0.9961438746568321,0.17883174156977938
0.11347352124058907,93.60846576023881,1.015478176531123,0.15336797021787052
0.11586905952512971,93.55785438951096,1.0176573521326182,0.16909495948245143
0.11607264050691624,93.04311939577343,0.9869354088829047,0.1621778243141704
0.11706701642760586,93.06668754514233,0.9732642332375414,0.16022535628246842
0.11752624677710488,93.28851427416446,1.037971235225941,0.15772172204588938
0.11816482762165625,93.11772176676047,1.05,0.16877160817899442
0.11881791626807192,93.20653825745264,0.9691697457722213,0.13445585248437805
0.1195942459383017,93.19629358470976,0.9963715555417666,0.19025674582634888
0.1198653673336828,93.0567173257778,0.9692743952701238,0.16168060824233438
0.12203823484477883,92.87600900244595,1.05,0.14737710889180486
0.12706051265188478,92.7938645260061,1.0121119027100982,0.1851576478635032
0.13752094414599325,92.20940197403684,0.9915601732864536,0.19383079154193017
0.13949386065204183,92.427162840422,1.0450400095586645,0.1847809283883677
0.14008401523652403,92.65103459534872,1.0356215815469425,0.19326573581845471
0.14092422497476265,92.237209335138,1.007222595384657,0.20182162072228135
0.14299168205283586,92.04140104550154,0.95,0.178224955282555
0.1448948720912231,92.21492917418891,0.9649024949286914,0.18616642929693128
0.15599452033620265,92.15010650540268,0.9796685389074368,0.2073586408984662
0.15601864044243652,91.74825523650273,1.0137991642881734,0.20909164529067792
0.15643704267108605,91.78354766491583,1.0122945597078554,0.217283064402825
0.16080805141749865,91.73775108945676,0.9697080788587019,0.22802240776159272
0.16122128725400442,91.47303945987129,1.0362509869177943,0.1920369842043464
0.16162871409461377,91.80605699016304,0.9751722933805385,0.21251819863430638
0.1629344270814297,91.56679896546785,1.05,0.18496488114616016
0.1694927466860925,91.48686543885104,1.0007265837001826,0.19283456081072656
0.17052412368729153,91.58623218787757,1.0080577683658978,0.20272766770627526
0.17320186991001518,90.87196804383333,1.0110186194020403,0.2042741923806557
0.17329432007084578,91.47416984786827,1.0332909952586866,0.21371222655214853
0.17436642900499144,91.05886570092086,0.9775836496255653,0.2524824497416819
0.17711067940704894,91.40716902220913,1.0324014419714393,0.2501114611764718
0.17743954377972282,91.46492625718767,1.0058382236571173,0.2240200903365498
0.18182496720710062,91.24962315232825,0.9685926705195418,0.23060579583140256
0.18340450985343382,91.04896177132552,1.0160995825758186,0.25979349681260056
0.18485445552552704,90.9147847672344,1.008477398514649,0.2593670391584241
0.18651851039985423,90.62079639543002,0.9751935893788042,0.2418330347664719
0.18657005888603584,90.92215639893423,0.9998987662776715,0.23795180479124317
0.1881211597237613,90.72237591080389,0.9758238980051144,0.232538645033204
0.1952429877980445,90.37114460703629,1.0033981123161329,0.24472659086765633
0.19579113478929644,90.52703514919318,1.0153360779857494,0.23135209907046653
0.1959828624191452,90.50388523030311,0.9610950415613246,0.22737911578402026
0.1987156815341724,90.63646592400913,1.0114347515464834,0.25597379354399674
0.19967378215835974,90.24567176551373,1.0136766331624483,0.25909892391616896
0.21233911067827616,89.95578047373476,0.9802931716308582,0.24000390266076518
0.21582102749684318,89.25840677731193,1.009730778451648,0.265614825925898
0.22210781047073025,89.840137985888,1.0189243505366434,0.27948284511926713
0.22359583851945264,89.6576800566084,1.0300174695412894,0.2668508341461904
0.22426930946055978,89.30728055526053,0.978159911763126,0.2710272882711023
0.22649577519793795,89.16012579277114,0.9918662919687229,0.2925079194851623
0.22793516254194168,89.17593162720318,0.9657493265759949,0.2872215133727376
0.22879816549162246,89.36586881992659,1.0462632985770364,0.3058142808974448
0.23724908749680007,88.8719486030126,1.0412462925744455,0.29947971096955533
0.23763754399239967,88.75408053332657,0.9819336381891466,0.2781662270553613
0.23956189066697242,88.99906698953039,0.9840189748101427,0.28882253047736084
0.24185229090045168,89.12309275751828,0.9989307555310755,0.3049741735913587
0.2420552715115004,88.86733576253121,1.05,0.3098339261161251
0.24398964337908358,88.45968776986183,0.9531042757391003,0.27684303470116234
0.24773098950115746,88.92961429136872,0.9972840015308752,0.3142747633871861
0.24929222914887494,88.33528735154853,1.05,0.3113303138411321
0.25024289816459533,88.78403932040561,0.9927622703614437,0.32584616188499443
0.25178229582536416,88.4615857617732,1.0462973058481657,0.28788145788149266
0.2579416277151556,88.21079863382107,1.0238279403886548,0.31800842616979724
0.2587799816000169,88.43194620721052,1.009222200934273,0.3094228122095586
0.26520236768172545,88.12524616439697,0.9912456619325337,0.303398917260873
0.2708322512620742,87.69443412341214,1.05,0.3285433630302318
0.2713490317738959,87.64213299054556,1.0175909205626528,0.3254060165027603
0.2773811829811327,87.69264146822509,0.95,0.32463067813926877
0.27864646423661144,87.88265549452353,0.9521589079819961,0.3394982196072815
0.27993389694594284,87.71647118500337,0.9707641208598807,0.34096068762843945
0.2807723624408558,87.32533954105634,1.0275768680372561,0.33713614907539996
0.28093450968738076,87.4916877812025,1.009264990377969,0.3619664740404508
0.2809631895922303,87.3667522903272,1.02338981596808,0.3560873903166583
0.28185477477339993,87.60762657588566,0.9747026021405143,0.3407579711721162
0.2820345725713065,87.5576711907474,0.9813205191479665,0.3415353553039923
0.2848404943774676,87.51242278244385,1.0042265874073362,0.3129968423207858
0.28571208628186073,87.86802959034532,0.9641908950473056,0.3302419282953148
0.2865412521282844,87.66416258493177,1.0484612706840832,0.31765082905093406
0.289751452913768,87.36526101929098,1.05,0.33040657556903746
0.2912291401980419,87.29516142246268,0.9772961473429161,0.33614805051501606
0.29214464853521815,87.29536355432347,0.9903196048347359,0.365550486194349
0.29321077169806453,87.32249845834743,0.9787477969926861,0.37547589984034435
0.29359184426449336,87.22153614647405,0.9911379576958291,0.3679063301019034
0.2944488920695857,87.30332391257988,0.9713463226195194,0.34521593714642446
0.30087830981676966,87.11896790365545,0.9664114770013297,0.3621529843428351
0.3042422429595377,86.84157756162396,1.03557112463989,0.3589478921290039
0.3046137691733707,86.81586570838445,0.9890514181137134,0.35421454885889364
0.3109823217156622,86.75930068357991,1.0358989445993696,0.3601076906598944
0.31171107608941095,86.57160571946784,1.0258142046507923,0.36351694162195014
0.3143559810763267,86.93277460574221,0.9542303105628972,0.362802378407009
0.31692200515627766,86.74721601943787,0.9679740125723718,0.3870406316630997
0.3180034749718639,86.32262836507597,1.0026522065887553,0.3335458306330487
0.3189756302937613,86.5058455648399,1.0222638247321567,0.38180409768884027
0.31931363759041487,86.58707495417171,0.9904283819300015,0.35327367876456545
0.32004960103061175,86.77226205021958,0.95,0.36404061224342593
0.32078006497173583,86.4337515032334,0.9736605223973032,0.36966544563679576
0.32295647294124596,86.33243257213668,0.9596206095925975,0.3879770359611037
0.32320293202075523,86.23273896516372,1.0174629311040584,0.3705727973926521
0.32518332202674705,85.94677664998187,0.9817065128704185,0.37017502678966324
0.32533033076326434,86.22272052988266,0.9804592931862451,0.37010737404961425
0.3253996981592677,86.155180155873,0.9806210746262639,0.39036093005894523
0.32866454536991596,86.24223915970988,0.9545885682216152,0.3892586593539736
0.3308980248526492,86.05437341792843,0.9641235081389444,0.4171715959745506
0.33761517140362796,86.30159164890475,1.05,0.3912486692812388
0.3379951568515358,85.96585646474499,0.9848567523631535,0.397964545279118
0.3390297910487007,85.63090821837937,1.0060170759169282,0.3894921777655929
0.34080354025301784,85.7991827694302,0.9578104760898449,0.4027989157790886
0.3410663510502585,85.89680055669575,1.002009721516746,0.40854412125429573
0.3492095746126609,85.43618480054612,1.0344591204828615,0.4031088810091483
0.3509150125520787,85.5010444015021,0.991944080562825,0.3924732611137686
0.3533522280260528,85.5918844843569,1.048467484706447,0.41530915628461734
0.3559726786512616,85.30155650253062,1.0099594099170703,0.39955357440845596
0.3567533266935893,85.37886927218153,1.0006381473020818,0.41910761327505447
0.3584657285442726,85.36239695710546,0.9825842965058583,0.4064640876239047
0.35949115121975517,85.38071254921356,1.0101545153038507,0.4396493143688142
0.3601906414112629,85.31066073070838,0.9870513906184586,0.4102407905056193
0.363629602379294,85.35668095925209,0.9888337967178684,0.4024050638663528
0.3663618432936917,85.13117852792598,0.9924750095063486,0.42982786520751565
0.3677158030594335,85.25096276228552,0.9924293949362114,0.42895388569597376
0.3677831327192532,85.11469375449775,0.9700484368243513,0.429167766666186
0.3701587002554444,85.29792133764126,1.0255832102536666,0.42918405132192644
0.3706421470668909,85.21763040409154,1.0005654886883455,0.45214500000574914
0.37201808579278317,85.13433156353184,0.9871209332644822,0.4579963646766278
0.3742707957561203,85.25311310172627,0.9970423560314722,0.43362041330996604
0.3745401188473625,85.1105983199702,1.0390522386819638,0.43120915483397204
0.3746126146264712,84.94336089431064,1.0239982570582615,0.42151074811633144
0.37487057952370406,84.35813280446264,1.05,0.4393087968809111
0.375582952639944,84.82961915192786,1.0252186007951365,0.43658878024189224
0.37625958553091576,84.9777655098118,0.9816268787607869,0.4478546170182709
0.38509772860192526,84.60267962769558,1.0127079719678038,0.4264075043587903
0.38610263780077425,84.83391999980584,1.0203362595859273,0.4558005127280222
0.3867353463005374,84.6722466776232,1.0265213618908315,0.4493776404508658
0.3881699262065219,84.95613889421779,1.0292559288934728,0.43916367621994
0.388677289689482,84.64900264333762,0.9841414995475073,0.4502444093153235
0.3892016787341631,84.78626979550644,0.9951960161330008,0.4411258143474985
0.3930977246667604,84.83175277046952,0.997664884089616,0.46496987672806017
0.39850473439737344,84.49504898759561,0.9932960205288445,0.444596485191942
0.4089529444142699,83.83145826847156,1.019041644056853,0.4631020123899924
0.41038292303562973,83.92217321274991,0.9830725720402783,0.4951811712348746
0.4126176769114265,84.01722978989746,0.9988888960885476,0.47686313491126486
0.417411003148779,83.87142909989194,1.045403492297264,0.44585169622709553
0.4196000624277899,83.80843538035548,0.9839401544213823,0.487744474304699
0.4242220092469763,83.66547558573457,0.9990031002806662,0.467298388428402
0.4271077886262563,83.67411038896569,0.9941902162216084,0.48822767834003217
0.42754101835854963,83.2990828180019,0.988010914431562,0.49598204052126876
0.42818414831731433,83.526722303468,0.9806935050304761,0.4883878847683616
0.42899402737501835,83.73520305236318,1.0228016789106882,0.47025402178199566
0.43194501864211576,84.05204210559084,1.0298814305741746,0.4680572857836842
0.43385164923797304,83.6454955489542,1.05,0.49924247230646357
0.4389714207056361,83.07117016518123,0.9699900602618328,0.498329649718099
0.4401524937396013,83.1938756359514,0.95,0.5264274305779398
0.441530501373377,83.54796931976011,1.0483666188476628,0.4825653410977114
0.44844552197831977,83.24213052881679,0.9981801755855614,0.4750766712669307
0.45454106476777323,83.06832370322907,0.9672710070935441,0.516143495072133
0.45565675278571294,83.06414715250695,0.9831349592026509,0.5314335244011714
0.45606998421703593,82.87983506671564,1.0398458242554718,0.4941179510909966
0.45825289049151663,82.8326527881684,1.0056874484979623,0.5247937740140212
0.46369840493998216,82.89325801086994,1.0289455489929238,0.5227402937681817
0.46559801813246016,82.81480038653028,0.9882472555286853,0.5167162940122786
0.46866064199412627,82.73322841388269,1.0027853470342334,0.5240328969656008
0.4722149251619493,82.61076956663297,1.0194484130153159,0.5464665244425161
0.4734717707805657,82.13632392393504,1.0242417339484344,0.5496771108117771
0.4741738290873252,82.517113657937,0.9719368389386621,0.5331230273282698
0.489452760277563,81.95926954247288,0.95,0.5648270500738838
0.49161587511683236,82.1573633351,0.9839210966465786,0.5421357138164028
0.4925176938188639,82.63174196216636,1.0344533712759025,0.5650139516215819
0.49262510429085915,82.22010072533612,0.95,0.5397218167216985
0.49379559636439074,82.00841456171032,0.988815005437247,0.5595799599576141
0.49442030470258147,82.11747545593222,1.0268511494222834,0.5621924725948304
0.4951769101112702,82.52695051439457,0.9669037490283495,0.5518355409237236
0.49724850589238545,82.12040701609561,0.9853345173464118,0.5610733764365223
0.5015162946871996,82.09491653893441,0.9964579441902677,0.578292888919355
0.5026370931051921,82.09601448032626,0.9774462684971444,0.5307011504022673
0.5026790232288615,82.15041982058472,0.99557192241104,0.5416347171701535
0.5031362585800877,82.32004126927274,0.9683895274256094,0.5509888094385245
0.5052523724478571,82.0230083118975,1.0095752353125753,0.5401619613028719
0.5085706911647028,82.116767815735,1.0378775231028154,0.5723571614527804
0.5107473025775657,81.73143046701412,0.9963475747485014,0.5820565792787132
0.5113423988609378,81.79911534574694,1.0395134520201958,0.5770262980847394
0.512093058299281,82.09747402809462,1.0447806570687856,0.5734881950284351
0.5142344384136116,81.69686208994887,1.05,0.5846427430999078
0.5163003483011953,81.8964659079267,1.0261389189237173,0.5501520001207013
0.5183296523637367,81.56481811813133,1.05,0.5725347238022584
0.5187906217433661,81.84603348610436,0.993205477034505,0.5618036477220808
0.5200680211778108,81.79350303189254,0.9825076768429318,0.5937639458557645
0.5222432600548044,82.03130825625512,0.9992741318082725,0.5599727610591295
0.5227328293819941,81.72763335061039,1.05,0.5461877851965539
0.5230978441701488,81.71220243047404,0.9501252403589298,0.5861160231244074
0.5247564316322378,81.38721513777563,1.021568599319952,0.581148336037232
0.5277011090862999,81.5162354569625,0.9959707377558835,0.5902933658070006
0.5296505783560065,81.42966202202767,1.0139928994730059,0.582310199631731
0.531354631568148,81.6294628705867,1.0060347896761852,0.5964214405535615
0.5357746840747585,81.41408565214263,1.0368079967165291,0.5657245714230339
0.5393422419156507,81.87102954720291,0.9864031585201818,0.5971421661608665
0.5406351216101065,81.37042857474184,1.0084986361463844,0.5863733162647711
0.5426446347075766,81.14624065500648,0.972327694465045,0.5941941570588282
0.5426960831582485,81.49516289487629,1.05,0.5920319299464392
0.5456167893159349,81.34878809343468,1.0300313827770142,0.6027862497724658
0.5467102793432796,80.9708281900672,0.9949863485864077,0.5655512507622977
0.5487337893665861,81.23805263391048,1.018574627830156,0.5934767545238142
0.5492266647061205,81.2402613875172,1.0201772110360818,0.5924284059717432
0.5495288823237355,80.59680024870237,1.0044037903595664,0.6027025871726035
0.5538542844013208,81.19161407359796,0.95,0.6054384805469586
0.5543540525114007,81.12328847507601,0.95,0.6132454754382962
0.5552008115994623,80.99705453943365,0.9593025458612978,0.6319344398795594
0.5568012624583502,81.14402952121353,1.0423666166624628,0.5943957132695965
0.558404249735805,81.06337052169,1.0032567911732957,0.6068163600300399
0.5612771975694962,80.81195063634975,0.9868762509902977,0.6277001925139605
0.5683086033354716,80.94615525780956,1.048740353754087,0.6213966913662339
0.570061170089365,81.0998409363043,0.9681281941555936,0.6196506575642488
0.5734378881232861,81.04501996010097,1.0006393494601582,0.6554165454044797
0.575474177875879,80.68024742541898,1.0071510694820436,0.6382079091897433
0.5769038846263591,80.8454575141609,0.9872092721138337,0.6106089012825751
0.578280140996174,80.90670208420686,0.9928320370249092,0.6443622748552897
0.5833687650971596,80.68159179761119,1.0128158308561506,0.6260576833059234
0.5836561118508721,80.93057547659969,0.9629695338436024,0.6366653913744348
0.5843143119231002,80.81873582158318,0.9668288599454219,0.644891445318979
0.5857755812734633,80.43866045788323,1.0348563490782456,0.6573493017504922
0.5908332605690108,80.19311441647369,0.9903303859236599,0.6481463792005769
0.5908929431882418,80.43501277253344,1.0110209652044853,0.6871371741229126
0.5924145688620425,80.33127515033127,0.9806944530885957,0.6656195604392999
0.5978999788110851,80.31968733053809,1.0198864380600223,0.6230607967812688
0.5986584841970366,80.12164951950707,0.9773974638896145,0.6257268278901397
0.6011150117432088,80.29539179583733,0.9890403534606368,0.6466796849234661
0.6064290596595899,80.2575334012762,0.9678358296404318,0.6654498692922731
0.6075448519014384,80.20041835332006,1.0017103937469125,0.6438400584726279
0.6095643339798968,80.29863077280868,1.0096950314255435,0.6757871529865936
0.6117207462343522,80.33384017917999,1.0254226503145127,0.641307947442465
0.6118528947223795,80.19296058379611,0.9573456799977447,0.6543672664178728
0.6150072266991697,80.11250057278885,0.9943856720498635,0.6490846957521652
0.6158500980522165,80.21927571119603,0.9895204961164541,0.6894819849610602
0.6182180633162611,80.00785167476346,0.9936660928351692,0.6787539397662145
0.6201325978015367,79.92422867966951,0.9937233437876641,0.6781109678604247
0.6228904758190003,80.12551224255188,0.964628806265206,0.6735616163792573
0.6232981268275579,80.0620479557691,1.0118401458946895,0.6695650645301802
0.6258599157142364,79.7658046821809,0.9515106817469023,0.6858058846096943
0.6275580800840634,80.1849132964138,0.9876755713613624,0.696308640879204
0.628942846779884,79.89231290018994,1.0036961442035346,0.6722946898972254
0.6293986381352625,80.43103013456451,1.0309763861302497,0.6651470006803056
0.6311386259972629,79.84986223657798,1.05,0.7007599550337489
0.6318372121697993,79.79312064277067,1.05,0.6546039918005644
0.6323058305935795,80.04839609700744,1.0090537569945839,0.6998466954880135
0.6331014572732679,79.8453443181512,0.9756924268895686,0.6922873038728167
0.6334037565104235,79.71311340379978,1.0233508322849991,0.6779140736438253
0.6335297107608947,79.90178296463367,1.0229824083515406,0.6896992684518695
0.6350936508676438,79.6824172119003,0.9994174118233681,0.711260039297581
0.6364104112637804,80.05534810242148,0.95,0.6682660272873725
0.6374299014982066,79.73288965998316,0.9922328507888777,0.659407093276919
0.6375574713552131,79.99272208124786,1.000440645841876,0.6809037989922727
0.6420316461542878,80.09730138205576,1.0052932466583167,0.6952094563278505
0.6424192782063156,79.37397451577093,0.9949353483042996,0.6777062937180491
0.6432882184423532,79.89957850754864,1.0150328250981953,0.6846462348235319
0.6451727904094499,79.71050017698322,0.9993589811695469,0.6857454996036142
0.6454722959071678,79.73752509796661,1.05,0.7075885361269112
0.6492103021160636,79.2984097678463,0.974014754553565,0.6973878731921496
0.6496328990472147,79.9769828502997,0.9855176943345391,0.7127806647677571
0.6499639307777652,80.00433073298869,0.981765340387167,0.681138819294707
0.6519612595026005,79.53702080068892,1.0006238112302623,0.7071114772676237
0.6576128923003434,79.43050050254438,1.0036801094798438,0.6962736883277824
0.658693631618945,79.54003434025108,1.0285092277592072,0.7031675363918252
0.659984046034179,79.85095615580045,0.9623713173049225,0.7156326854742413
0.6601973767177313,79.68054512238821,0.9960209876085228,0.7116359117023422
0.662522284353982,79.31373796677403,1.024472116376179,0.7008696616699127
0.6635017691080558,79.60471781034471,1.0271180452325859,0.6992206987016916
0.6721355474058786,79.48491165056132,1.0498377764364362,0.7161224079802462
0.6725184560770384,79.31629082669339,0.95,0.7021601086423598
0.6775643618422824,79.4155363909452,1.0274075387869974,0.728782110001557
0.6830067734163568,79.2059064992923,1.0394474336075215,0.7046770985781196
0.6842330265121569,79.01855224021267,0.968655724179369,0.7130731746969381
0.690937738102466,79.52025263204432,0.95,0.7349744802094575
0.6918951976926933,79.71221880587406,1.05,0.7194253022214746
0.6957486889846172,79.17106579857624,1.0338011541048275,0.7369858467016399
0.695974206093698,79.25076645560839,1.01467561390443,0.7234766160297258
0.696029796674973,79.41366415320294,1.013571153887492,0.7262524014408593
0.6967371653641506,79.0760384814034,0.9947234256270299,0.7033341849451004
0.697015740995268,79.17581892197805,1.00583152904732,0.7286679345620349
0.70096913145912,79.2269310706858,1.002305556488763,0.7186028385280555
0.7019668772577033,79.10285889927657,1.0389098363968332,0.7564691383654767
0.7024840839871093,79.37264902467787,0.9894050112156794,0.737581416970025
0.7030189588951778,79.3063548414624,0.9712168228982956,0.7426358126311954
0.7036578593800237,78.97522846653439,1.0184610245203916,0.7219657714450072
0.7062422271564962,79.28057789546826,1.0050596401590017,0.7842473415428142
0.7068573438476171,79.11776283723475,0.9958463204804868,0.72671515723244
0.7080725777960455,79.00968044423566,1.0055404091759472,0.7688770683410038
0.7121792213475359,78.90184178345976,0.9945131067668548,0.7659955532790116
0.713244787222995,79.08632751472385,1.012585973317211,0.7420139233906332
0.7145959227000623,79.0959962176268,1.05,0.7557815636965544
0.7224521152615053,78.77605747004861,0.956851660650479,0.7507453886136982
0.7259556788702394,78.70514419324864,0.9695253454306481,0.7392108857447811
0.7260913337226615,78.64877212554168,1.0176008140442583,0.7883390922203521
0.7282163486118596,79.0977360473562,1.0140632276822508,0.7717538044918518
0.7290071680409873,78.8612232425723,0.963271052911319,0.7736605869144593
0.7296061783380641,78.60599613059426,0.9959794849998125,0.7762680552859011
0.7319939418114051,78.59815689229694,1.000960124471973,0.7485581860286261
0.7350710438038858,78.93602742554677,1.0013080733911737,0.7723952901260279
0.7378969166957685,79.07503482145368,0.9963885650813921,0.7833094584812115
0.7407686177542044,78.70832865015846,1.009773889497465,0.7772565311683579
0.7460448792654233,78.93053347873008,1.0290837160158022,0.7970631746602838
0.7464914051180241,78.98177294532289,0.9760242398004924,0.7589489455898275
0.7506147516408583,79.05949187019547,0.9777258824290586,0.7967328774250603
0.7508710677914974,78.61550998841878,1.002473192588035,0.7768604732200785
0.75237452943768,78.56711967421235,0.9524759217098353,0.7924012111475948
0.7533781852589416,79.10971196623888,1.0086137249560547,0.8035759957601464
0.7545428740846823,79.00100460187203,0.9562734550160521,0.7817707037053763
0.7555511385430487,78.68442039101033,1.005536539095911,0.7635762693949835
0.7578461104643691,79.0236351274742,1.005714990393372,0.7895244280183973
0.7607850486168974,78.5357036457382,0.973375234665937,0.7634041294388361
0.7615106317174722,78.87100117517329,0.9784254004227274,0.801772313255152
0.7616196153287176,78.38276444097886,0.9862871123024118,0.7799718251063571
0.7699935530986108,78.29483719174443,0.9728889441780961,0.7986707956802458
0.770967179954561,78.61759592122787,1.021671440734833,0.7895564671326651
0.7712703466859457,78.46758037770292,0.9937293022814192,0.8133104262038497
0.7722447692966574,78.31452253459135,1.022600248633136,0.8231386381251681
0.7751328233611146,78.47827098054258,1.0482203672805999,0.7992479346135429
0.7764129607419968,78.34110928199689,0.9792273706037843,0.7873330455461953
0.7771469159274368,78.74742277223811,0.9656882137803802,0.7851082813075506
0.7798755458576239,78.57245272233968,1.0207931682178943,0.8157540113820619
0.7851759613930136,78.38669499622029,1.0166869002820198,0.8151352269645495
0.7896181427945539,78.70693510669334,1.015261750696898,0.8150832622483419
0.7915790437258485,78.4571404929045,1.0080137995303444,0.7770778722060854
0.7948113035416484,78.50313301577266,1.0089625872509707,0.8111764955391447
0.7951861947687037,78.81343160181676,1.0037913873863924,0.8119697911633037
0.795792669436101,78.49692129956624,0.9993139581310335,0.8240733469751849
0.7982951789667752,78.4788620559672,0.95,0.8051667538233928
0.8021969807540397,78.12900259929414,1.05,0.8057191802979962
0.8034809303848486,78.2901025483121,1.05,0.8709186449140418
0.8036720768991145,78.20880369169753,0.9754540334973307,0.804524068713423
0.806834739267264,78.47720930089996,0.9603993246633789,0.8360412055452044
0.8074401551640625,78.48597874862672,1.0208916234237015,0.8425834742636454
0.808120379564417,78.10305051078436,1.0177758084760355,0.8436430101188046
0.8083973481164611,77.96851730375573,1.032175220119294,0.8288979680819084
0.8093611554785136,78.10712212185233,1.0050538292880884,0.8113049604638016
0.8101133946791808,78.52517477701173,1.0395279260682389,0.8438383652933806
0.8127995672575026,78.29510733005765,1.0212464326976967,0.8390897044867374
0.8144684825889358,78.70532431717571,0.9926181253561015,0.8329374142753109
0.8154614284548342,78.69349895416688,1.0201954405380989,0.8355874168373973
0.8172222002012158,78.8071503882724,1.008806737964999,0.8438434080825983
0.8180147659224931,78.8563608025991,0.9784953303819158,0.8561332047497761
0.8198506649961813,78.35381896874722,0.975327402028534,0.8385579565269635
0.8218600592903562,78.07350583130206,0.9804999225752962,0.8398412731650072
0.8226005606596583,78.64055180429975,1.0299493269444389,0.8580353217661417
0.8249423650579325,78.38118806564022,0.95,0.8354008889967429
0.8264574661077416,78.5234695076371,1.0402135133806942,0.8449838677788054
0.8276659407297635,77.91491187221091,0.9905178143191885,0.8706552524467285
0.8287375091519293,78.49128522163375,1.037148492143009,0.8362981909024282
0.8319767369988037,78.17589860004266,1.0080738082373533,0.8478233930131872
0.8324426408004217,78.2485458057489,1.0360124172383327,0.847221826938872
0.832823034667197,78.57196598445219,1.0149009766970956,0.8445318108314658
0.8328562639446644,78.08044117885504,0.95,0.8563189814821566
0.835302495589238,78.18292597995782,0.993889787494691,0.8359903288560748
0.8359801205122058,78.23591044882319,1.0105189029782067,0.8377362050876088
0.8378762423692243,78.1568444638331,1.0426824440829983,0.8588326133881441
0.8398535369800645,78.30163936916722,1.0055154863426108,0.8501571418848802
0.8406383925328716,77.97540421503207,0.9901414457275305,0.872722284773007
0.8412378154073066,78.04887833963168,1.05,0.8515295479744068
0.8426059641272737,78.04677865570314,0.9922361181199869,0.8509604745209072
0.8428985268193454,78.37529443383573,1.0325735897481805,0.8680913898716235
0.8432260611085555,78.40003499603166,1.0131542721642919,0.8234139231877582
0.8439178415663589,78.48096758895316,1.0017979789079898,0.8544225796993588
0.8441543981319313,78.23162063336363,0.970793614008866,0.8479427482968852
0.844354299844027,78.32147590468071,0.982791946813093,0.8503442860926226
0.8448753109694546,78.67538305133375,1.0022630091670477,0.8664668904484191
0.8451737268635051,78.72346603170632,1.05,0.8546161318362757
0.8458066103922729,78.2404086603768,0.9811984832623011,0.8673793321728431
0.846167170236169,78.05892102018913,1.020908632135322,0.8455915082206743
0.8479765748779313,77.97503939814645,1.0191415330432227,0.869527869074897
0.8485442681340435,78.37841096517317,1.019677023295893,0.8451123231803372
0.8492234104941779,78.13597431544443,0.9714001417522387,0.8654244716834958
0.8496424126266048,78.00725094037149,0.99581661172957,0.8760917225071306
0.8511366715168569,78.36406258935482,1.05,0.8762922162768589
0.8513323887120698,78.57333648741427,1.0153925626029188,0.8551211021548827
0.8520429727854257,77.84526267480283,0.9762274023700012,0.8566298646080014
0.85251600807107,77.93184391041827,0.9776529206558066,0.860903258342418
0.8525969562535533,78.19792867078735,1.014030795152963,0.8409971929940555
0.8530094554673601,78.61134708367426,0.9878905461027401,0.8529612714663496
0.8543930037893808,78.2092067363142,0.9869084232842029,0.8526556793102472
0.8548659149848544,77.91968816854299,1.0186471566956816,0.87073019368874
0.8554605840110072,78.40526087441707,1.022164314426625,0.8543749259287294
0.8564898411883223,78.41064775846708,0.9679659123526242,0.8662484024592962
0.8566603589006575,78.3132170210162,1.0191517577682514,0.8635983057552077
0.8576695140071263,78.42433806867088,1.0151641047749989,0.8521741383687627
0.8580636632223345,78.58220085616233,1.0066971674238747,0.8915481025162975
0.8584127518430118,78.31150593030574,0.9548583887790699,0.8766881560709038
0.8585022446200268,78.2674810961561,0.9631135121664275,0.8786088727002094
0.8601087943602714,78.72731524897942,0.9877215268566069,0.8612484798053048
0.8602353285810487,78.03388753772444,0.9699343763265558,0.8799236757227988
0.860260737244864,78.68664696079965,1.05,0.8562960000364589
0.8607305832563434,78.20845937231665,0.95,0.854003103258596
0.8615535598915681,78.11560163855115,1.0154853486134487,0.8758109555367978
0.8619713871185222,78.08801573204225,0.952873715437945,0.8546047625605461
0.8622235943433315,78.4980715849062,0.9984581882923454,0.891103521971644
0.8628826153702063,78.2310239843068,0.9992043622225282,0.8752743939566667
0.8629427303274187,78.0915336664777,1.05,0.8720573318890584
0.8631034258755935,78.24671048704803,1.05,0.8652661804457847
0.863636868742195,78.37146706789633,0.9893787786717693,0.8309965441817159
0.8637574106724779,78.16182041435991,0.9959716251344108,0.8778286827275559
0.8643118553922426,78.0882201005243,0.9645756155407347,0.8586572654442398
0.8644282186099337,78.246321756971,0.9728280309741214,0.902974330277143
0.8646370885265308,78.40841849650283,0.9678442830087953,0.8603846138122672
0.8646733426560435,78.0407197924813,0.95,0.8797912637393513
0.8650522961825969,77.88235787606843,0.95,0.8784928538218085
0.8653337867819872,77.9465831985907,0.958611455056332,0.8987296814840633
0.8658036064101794,78.33037390617024,0.9991221155894506,0.854115415609281
0.8661761457749352,77.91872558097482,1.0040960599324822,0.8777307876409481
0.8663350402746712,77.8587376623991,0.9729384533692746,0.8866877997983362
0.866773090138752,78.03439789689894,0.9718029069667341,0.8650346075948439
0.8668705012468677,78.15657694972441,0.9852509144310386,0.8817711345906686
0.8670475598595493,78.15864815006611,1.016388527440111,0.9018485659634257
0.8670723185801037,78.3472243368945,0.9698037230416108,0.8868980189582717
0.8677314523984573,78.26400809718551,0.9951079910816871,0.8810035322609923
0.8680802769096055,78.30059960300028,0.9754873410679543,0.8640891335691503
0.8681614739601521,78.01373938955922,1.021249115416032,0.8838947211575239
0.8681875990414815,77.84941592646042,1.011772479015363,0.8639917539793817
0.868317485222734,78.25057303360721,1.0435740260341224,0.873250798730333
0.8685046689160563,78.15575636037939,0.9955665904354759,0.900162421315147
0.8685991281894603,78.18821218158736,1.0275746252083,0.8579969361019655
0.8690714965076689,78.20438194162764,1.0281271041287967,0.8855269999743659
0.8700931423358857,78.19451051544608,1.0336309200197342,0.8642039165053985
0.8702138150321297,78.22226290312392,1.0412331427951245,0.8926944762267309
0.8702857663366407,78.17946990997133,1.05,0.867510877918675
0.8707863240268928,78.10422297915412,0.9729813779605639,0.8666657093459963
0.8711022253037245,78.45572724214688,0.95,0.8702967612347903
0.8713094776414709,78.05213658152863,1.0285937513612826,0.9076205397642081
0.8714605901877177,77.9423637037439,0.983464428510144,0.9005916903556985
0.8715454039033034,78.70055570341451,0.9837197860079794,0.85747888282891
0.8730082347602225,78.0673349020832,1.0156336728513802,0.8865448068673124
0.8741212872316246,77.99141652759869,1.0408197578751595,0.8772008420386435
0.8744449167659353,78.0523621399057,1.0318062972249664,0.8727783859585456
0.8744807229263452,78.45505885293161,0.95,0.879003095887304
0.8746028134727242,78.54494643394465,1.02175287360544,0.875173475050004
0.8758804443985254,78.27254751861908,1.0046557205157693,0.8856394568493464
0.8760187493113868,77.77740511168743,0.9899854153073196,0.9040118349811307
0.8762281822728339,78.54241041500073,1.0000361642608668,0.8842989281028768
0.8766928903301279,78.3477229495903,0.9995664318736516,0.8876772822348171
0.8766932439143056,77.77690997656474,0.95,0.8844300304518631
0.87669686008295,78.24135713108195,1.0248842452579525,0.8855087142123442
0.8767254527806596,78.63649007509551,1.034013102906012,0.8835850440213406
0.877339353380981,78.42003550365718,0.9841284196796112,0.8656714317889013
0.8773730719279554,78.2806460302024,1.0173889951964072,0.8713719418446402
0.8773905208395846,77.92637581558957,1.0316817042719815,0.8769393452636269
0.877472013527053,78.29166254770163,1.016544561281214,0.8694980877613373
0.8780849655716843,78.03926279736942,0.9941527515894195,0.8738245567692168
0.8780922714488268,78.21609840975658,0.9821301611786952,0.886454775365806
0.8785839924798993,78.25072415900944,1.033781507523165,0.8923994283981621
0.8786635297070645,78.16401544759577,1.0164135734552564,0.8694802375373063
0.8786995080343576,77.90887303266979,0.9977270714039362,0.866691782075043
0.8793718132778252,78.2109858276433,0.9857133737936602,0.8824247426819063
0.8793862384870591,77.96341084690069,1.0063988112211881,0.8768691920389506
0.8796702765970466,78.20574272835081,1.0090142307883248,0.8610980995347307
0.8799247304368589,78.20806863984816,0.9888996691035362,0.8722586722643795
0.8802191730137927,78.08206724710242,0.9847557940705807,0.9128030791901218
0.8804980358556227,78.53296060792117,0.9967809356798731,0.8745731886346362
0.8806712021977167,77.93106568158827,0.9533872370195181,0.8754465267480052
0.8810232543654114,78.20238609885277,1.0262316754213818,0.8723206995134272
0.8811935679015774,78.08295713297663,1.0177544240122414,0.8918036429986329
0.8813704655753921,78.29892727507055,1.0058076973410264,0.876821717272549
0.881541362582976,78.44763281149669,1.0180362024678735,0.8713199841013191
0.881643691016326,78.0241233629343,0.9754222642083551,0.8586164043441421
0.8817577388093535,77.94137957750647,0.9825172402716525,0.8975538617631987
0.8824633336731053,78.30492563213096,0.984731091228775,0.8664036410417488
0.8834545954787607,78.16538587831583,1.0277864620672477,0.8576371035148879
0.8842192940349648,78.31395361649975,0.9969033474120251,0.882278024750894
0.8857484490854507,77.96418251850649,1.0178067016684258,0.9174957582632199
0.8859037519411989,77.69085450383535,1.0201144185172364,0.8794606111281437
0.8859177949666632,78.38529637215548,0.9860406862965984,0.8833618615262885
0.8865289188133086,78.17543128640578,0.9883444464073334,0.8887924369812445
0.8865310755456278,78.22223484160301,0.9678177092278059,0.8926451646839153
0.8868315585940078,78.30903586229405,0.976925729506381,0.9023818105103667
0.8870864242651173,78.1942579607587,1.0128644950099173,0.9024877632811262
0.8872127425763265,78.23532475920898,0.9764530506075328,0.8794808708652126
0.8873709120140033,78.45064703472289,1.0026874204376575,0.8578330479290048
0.8874269841357341,78.29838044220405,1.005919471222168,0.8682952881166901
0.8877041827582998,77.8530481771129,1.026905179475966,0.8934000509801804
0.8879086384187103,78.14287270831012,0.9997209903658416,0.8629259217643421
0.8882898396574918,78.04682050206671,0.9735437604631685,0.872718224234279
0.8892597630426303,78.63202338881341,1.0201858370790047,0.8815654382600944
0.8893296829382377,78.39895376644374,0.973986093528673,0.9311132568307252
0.8897286154493612,78.65094327921835,0.9661969759327058,0.9043528431167931
0.8900053418175663,78.32197823429318,0.9700209330311527,0.8994663471692027
0.890162472255577,78.08886980847817,0.9708502979637614,0.909768046126414
0.8902263923970106,78.40833694033776,1.0334296508400662,0.8813332694232721
0.8902637838909163,77.97107990416661,1.0418705143236986,0.8784599856997513
0.8905638046424215,78.51919619860838,1.0168275834382372,0.8918218780837465
0.8906301585092751,78.14129396013341,1.0166681339801034,0.8971490597612768
0.8907890892013632,78.05985941114257,0.95,0.893919513788658
0.8911431136980711,78.58301031575691,1.0078096551631366,0.911118422092017
0.8913263988146164,78.26413509041097,0.9897042317350777,0.8901067499645859
0.8920176060405806,78.34171998248299,1.0142907330806865,0.8745619581342607
0.8920465551771133,78.07753766057003,0.9945856025922812,0.8831913526173077
0.8921196270818048,78.22513329558737,0.95,0.8984837492703946
0.8923324598726864,78.31592781717212,0.9951162128178311,0.9000892060437123
0.8923335690331015,78.00640053383145,1.0029394946041268,0.9020188668115919
0.8924928567165259,78.21525786530441,0.9771182566430135,0.8808789024701481
0.8925589984899778,78.01017213436741,0.9948944613242522,0.8742041531791842
0.8930191575571772,77.93321895231381,0.9882505429773463,0.8896516265195753
0.8937608207605015,78.12417588197022,1.0240122857568306,0.9000555227219628
0.8941573109915455,78.07220826913081,1.0351937391275992,0.8941573109915455
0.8945525513756866,78.211337617805,1.028961924537735,0.8902589732243544
0.8948273504276488,78.28886977501547,1.0220463335814944,0.9034905895846437
0.8950579065591519,78.06144693959801,1.0085666222457297,0.9178325115528163
0.8954094178129423,77.9354317027828,1.0110892657659427,0.91058743239363
0.8954219601394925,77.9338039585544,1.05,0.8898599589427595
0.8954425483998415,78.27871559152602,1.0371683905881832,0.8915328229015574
0.8954556488383448,78.05905060168683,1.0197773700529722,0.8782065576228192
0.8955232284962005,78.1082811530525,1.0034507823744225,0.8763423980958913
0.8956717473686608,78.07894676053425,1.0214614394632373,0.8997219614655155
0.8960255544423033,78.37078568352604,0.9858372826690862,0.9050073618166098
0.8960912999234932,78.23707656312322,1.0286591562571152,0.8893642289402521
0.8961469871165818,78.23223003505194,1.0098023429380696,0.9001547138687844
0.8962228434125933,78.38827776341857,0.9549108901481455,0.9005235688446263
0.8963210492294286,78.08379849894841,1.0356674011442393,0.8965127805472791
0.8965976936241871,78.06655060957553,1.024752947940029,0.8988397057160473
0.8969799691628768,78.05311601688734,1.0190625409062768,0.8886428350560356
0.8971102599525771,78.04668232990349,1.0018503954954392,0.8911385471851757
0.8972157579533268,78.0956865220497,1.0349421806337151,0.890772285652062
0.8972818438381468,78.19480835457246,0.9931420025397995,0.8840531186849565
0.8974702390287858,78.3130828879834,0.9813745720524665,0.8782955295555309
0.8976088689513569,78.39667869577602,0.9641822498080284,0.8994724574697941
0.8978766354592569,78.1686697929567,0.9846035930058524,0.8924931460511626
0.8985541885270792,78.1577207469834,1.0025843164913912,0.8877508934842054
0.8994559876517548,78.23047768647183,0.9834838945152525,0.8947317457343089
0.9001039090760167,78.71687331018109,1.0258718041714827,0.8857080631496271
0.9004180571633305,78.11699242302463,0.9779622526960585,0.9095919905563248
0.9004193973220267,78.38001509193835,1.0193564675785016,0.8781704138724905
0.9007165207283739,78.02416724846199,0.994269167121995,0.9178347202388143
0.901068436743257,78.0133819911861,1.0184731344931341,0.9183877871982262
0.901158010490989,78.43868698896681,0.9935523690913379,0.9115926732418044
0.9014466175890101,78.13396910861432,0.9633786272225753,0.8954926235096355
0.9016326252990364,78.05030739232532,0.9908882191367001,0.8850798383168001
0.9017916750516445,78.23992757830078,1.0062897824582389,0.8993428807306048
0.9021137047733951,78.31331118763309,0.9517732040689307,0.9099729300532345
0.9023990587895946,78.2256796783966,1.0012275752618716,0.8842266624937142
0.9025529066795667,77.90895382927478,0.9774353078322825,0.9146624750181332
0.9026932457068924,78.196883921274,1.0255269388650392,0.8992478651744401
0.9033375046363061,78.17277932449512,1.0284257938636858,0.9216437299169277
0.9038078212129249,78.1883050783118,1.0026597277288432,0.901169674396819
0.9039694203593878,78.40699881995948,0.95,0.9089823813299975
0.9040098631586084,78.44063418896863,0.9658350064665769,0.8845504219765916
0.9041280798622561,78.30986641875649,0.9596238722958036,0.9007311213566344
0.9041548922248325,78.5087282123712,1.0000158387656979,0.8766267801053571
0.9042526792733148,78.44052203359198,0.9757118944023506,0.905123787653914
0.9049979473829055,78.19909631138059,1.0113130118170657,0.9190962475590362
0.9051343762011392,78.2565778211491,0.9901631585046125,0.8975862118529027
0.9053190147913456,78.15824992201763,1.0245366897407508,0.8950439528181316
0.9053506419560637,78.07383357127927,0.95,0.893972963458565
0.9053819764192637,78.16871327469207,1.0063958988471307,0.9395827459643292
0.9055219634681793,78.22439399228324,1.0092415161851231,0.8880456163116285
0.9058335642713489,78.42067994425042,1.0078768398700577,0.9172802516062046
0.906354385094736,78.16454580095973,0.9937564942818238,0.9030205416348551
0.906403047096711,78.08854380928675,0.9643176432139802,0.9222824301835867
0.907566473926093,77.83642638410336,0.9834442556232266,0.9065498084365015
0.9081440507140799,78.54734305029353,1.0235381286369407,0.9123085626488242
0.9082658859666537,78.37187231847012,1.0154080031970916,0.9172830995992096
0.9083693947723918,78.2925496216024,1.018666214321302,0.9277707875868081
0.9084302769521014,78.11654937208456,0.95,0.9136887555762547
0.9087575751451952,78.48058601326647,1.000192668094328,0.9026631929248697
0.9090275156287314,78.18340044337955,0.9920645547606817,0.9056503109066549
0.9091213954655354,78.31437602082791,0.9803870098405354,0.9215868882049343
0.9093204020787821,78.46017888699522,0.9916956010033324,0.9064959608492309
0.9094331650217625,78.140988287863,1.004288292842911,0.9147849520190338
0.9098941253374585,78.2051013981981,0.9842773480619622,0.9006683499257891
0.9101673013105398,77.9617464874392,1.0321045071494928,0.9026378156392685
0.910300805771398,78.32847053090136,1.0083213081387457,0.895997563705221
0.9108890771007171,78.28194233710236,0.9907611541108288,0.9054155771598055
0.9111179600577948,78.14404392397455,0.9607353880264267,0.8846364702078503
0.911296708891673,78.21624169785791,1.0337233815995803,0.9231842405627025
0.9113121638154162,78.39130807199686,1.000006211947546,0.9166218848840937
0.9124250010013027,78.07378889169868,0.9940798473907803,0.9183207823170588
0.912685497970425,78.4106921137286,1.0134315077743083,0.9219700020752696
0.9129834559831885,78.1663207158406,0.9566843555159937,0.9328402775218242
0.9131577737633212,78.23588368834562,1.0242136778991193,0.9226579786487917
0.9132405525564713,78.64190591622805,1.0341963568338715,0.892384323066835
0.9133612784875544,78.05857855984348,1.05,0.8945792106674507
0.9136309696906217,78.20657240444025,0.9836765799365742,0.9019611092775346
0.9140901764649012,78.29818532735186,0.9889116899186909,0.9317776586151916
0.9145815437999532,78.1909220732708,0.9914198733435967,0.8872396659607595
0.9148643902204485,78.20759849026723,1.002035665315822,0.9047427218766634
0.9153484463426667,77.71151276105643,1.05,0.893709718956199
0.9155262676738789,77.89748438427456,0.996821549370876,0.9224683156308175
0.9157729987169607,78.02519799501358,0.9701695187617446,0.898393532620486
0.9165416137011537,78.4599217437484,0.9628222481543959,0.9093810867652989
0.9166617367747727,77.93009595846024,0.9941852158368158,0.9247324413519412
0.9167096584993606,77.97887060951706,1.0112922857829254,0.9042428265671413
0.9167252313014191,78.26870973588734,0.9954618014903946,0.9257581924506407
0.917125955816609,78.18455273466647,1.0361165331150646,0.9118807122383975
0.9188821674355047,78.22837293936925,0.9814704431369695,0.9134776145883883
0.9189100744963273,78.13787743157708,0.9864025477293096,0.9475684990426224
0.9190707633619543,78.29342930029497,0.9791586060673283,0.9233453453045062
0.9200881776031699,78.32530737090732,0.9739101075617592,0.8986903849601299
0.9201337411029508,78.49511582040437,1.0117139454978668,0.9413838945577468
0.9204491927084836,78.54316831949897,1.0129576763402182,0.9283725090246688
0.9217853264259492,78.2854766555578,0.9797446517507685,0.9430048308049832
0.9218742350231168,78.45129028512595,1.0352042157245598,0.9236792021691577
0.9225127151455815,78.3398043870943,0.9857848195878726,0.9017898187380007
0.9226542696150372,78.13464557095423,1.0378576450214196,0.9337601819161215
0.9231471285286307,78.20872025195672,1.0071774059233345,0.9097231577727566
0.9241887842764333,78.00211074616746,0.9992327706342402,0.9118320018886836
0.9246936182785628,78.24000925293085,0.9531236242934037,0.9107203832123405
0.925126198327737,78.41413183264672,1.031173353622608,0.9227075809980667
0.9257527346054877,78.02748768244298,1.0330287890499572,0.9214093730465387
0.9268257455541284,78.59214018198901,1.021545571771238,0.9180663650047421
0.9275872473430373,78.67030717992034,1.012211568613736,0.9142340884366864
0.9283126212962078,78.34941964550467,0.9864943220544576,0.916623763061824
0.9283185625877254,78.12327033886812,0.9746093003502738,0.9077690842791998
0.9290334618497942,78.19569163489045,0.9802565053277423,0.927972798485493
0.9293789155219148,78.35024255992073,0.9949556854424563,0.931300151072517
0.9293832036216386,78.19668491260649,0.99734911122384,0.90667475515619
0.9296976523425731,78.10955449897088,1.030721875774344,0.9204463913582579
0.9300364176649184,78.23453610892169,1.007960870481989,0.9510560234915
0.9307573256035647,77.90006070986266,0.9975068328211392,0.9102777061665979
0.9311344893592038,78.06508198783557,0.9911355904591251,0.938024709433703
0.9323303046569553,77.907650556986,1.0150253342483337,0.9112717553346767
0.9343626013846493,77.91801621018806,0.992113275123752,0.9184414363139498
0.9346161712249624,77.95323165760554,1.0479594151151415,0.9063413090886513
0.9346691357641486,78.3931804971556,1.033763043532443,0.9307776666650168
0.9350062280233358,78.32479758790785,1.0058420858415633,0.9499792510811268
0.9350589467259705,78.1860109122828,0.9724184622524072,0.8983594584197437
0.936154774160781,78.4577605625315,0.9976107582626286,0.9062774308223824
0.9367299887367345,78.45201520632978,1.022105316912773,0.9392010557843967
0.937247058619737,78.41445585687181,1.0045706461610115,0.9157496090460051
0.9383983241667008,78.20856420769982,1.0226287398944072,0.937575331063864
0.9388813293446755,78.28703032704946,1.0180956229324702,0.9339474448973815
0.9390707115628809,78.05285859870555,1.05,0.9362224529835165
0.9394989415641891,78.39394583572724,1.0147292485491475,0.9251215372146708
0.9396937223180897,78.12234239746887,1.0105434462262475,0.893782254846092
0.9398865095838185,78.15505701241551,1.0005884997308196,0.9000789492959816
0.9402302414249576,78.05310687857626,0.9721794059742828,0.9133339787706614
0.9404585843529143,78.15043774169469,0.9865803431302375,0.9269791799483805
0.9405345592656758,78.53099119385337,0.9763664874427528,0.9451629246955212
0.9414648087765252,78.53619378912201,0.95,0.9417909563000891
0.941795598799182,78.55134454711303,1.0006739767843613,0.9330475130046775
0.9428584663671388,78.06318126468607,1.0076121898448371,0.9414580536346949
0.9429097039125192,78.40135436551137,1.0366310108657606,0.9396778727231959
0.9433490314050386,78.22382564073985,0.999438737306623,0.9642762120856493
0.9442931193682584,78.36917349726609,1.0370839216541865,0.9483205608658143
0.944614249052177,78.37784167101496,0.9807555521433114,0.9592298785226683
0.9466602252732962,78.32556576793974,1.022437307683526,0.9463976656261001
0.9472485773838587,78.20103373397144,1.006996483937905,0.9440085686243742
0.9488855372533332,78.49361192537417,1.0152350726886887,0.9465702959660296
0.9489437629756307,78.30058571794237,0.9967117058822251,0.9298435634422461
0.9500619670508049,77.9632951723433,0.9761192242958954,0.93211367911207
0.9502851251764766,78.0336788198759,1.0127218313339228,0.9548967510252548
0.950303874376742,77.76104469831681,1.0492801885976788,0.9330952637821105
0.9504114840765587,78.60624269485322,1.0393092623835882,0.9470321595038006
0.950460734894251,78.0053151360337,0.9994221886079682,0.9096226550824401
0.9506071469375561,78.57541729705544,1.032280214157958,0.9563746990623111
0.9507143064099162,78.29507640722663,1.0468453359018055,0.9643814032774721
0.9512824992141039,78.44873791022712,0.9956644398785345,0.9652301896568698
0.9529417539874917,78.0380806119998,0.9983531799815114,0.9307875561363728
0.9539285770025874,78.33454344886665,1.0384304908520534,0.9240244053314924
0.9548652806631941,78.42115911172874,1.0332124200786093,0.945863178264087
0.9558224377464596,78.44733606318023,0.95,0.9350994829725694
0.9562620239593632,78.46046725052797,0.9958788463480182,0.9363978773729793
0.9611905638239142,78.32479037065842,0.9803777295061773,0.9452360203684459
0.9621207857341318,78.61415626359587,0.95,0.9469049270690015
0.9621725484745419,78.51578943110978,0.980613180704686,0.9229115821929588
0.9624472949421112,78.17169836945733,1.05,0.9614896252340195
0.9626484146779251,78.36648301080935,1.005387453458188,0.9411160169514715
0.9632225394406113,78.11181281374006,0.9798813937277007,0.9492063142267653
0.9636199770892528,78.45755182817297,0.9899567400368038,0.9528124858890055
0.9656320330745594,78.57749574255939,1.016148882371489,0.9688860095803562
0.9666548190436696,78.54080024367053,1.0308988245274349,0.9542399007638032
0.9673725593885047,78.57390261211339,1.0222247303626038,0.9617264831350597
0.969302535619099,78.37184557779537,1.0391302072863446,0.9662693022434774
0.9695846277645586,78.29476081922604,0.9925392662144936,0.9361753130094385
0.969878826707639,78.13325679592847,0.9924986045620314,0.9247091481301961
0.9699098521619943,78.33319866807784,0.9708515788446804,0.9453923925958243
0.9717820827209607,78.03720636583218,1.0326624585911255,0.9431759009330406
0.9730105547524456,78.66556773432325,1.0264932933144149,0.9377078338620473
0.9743948076661665,78.31275180043387,0.9992078272912321,0.9872609810680197
0.9758520794625346,78.54198553846456,0.9857528903013243,0.9837678170421255
0.98,78.57767582335899,0.9768136699652917,0.9555740985196851
0.9856504541106007,78.4959187872935,0.9991745528484809,0.9978102458629124
0.9860010638228709,78.34727788337003,1.0285940990173974,0.9712419792133237
0.9862107444796029,78.60538796859474,1.0084048347645882,0.9882985954775252
0.9866395785011755,78.3289292554287,1.042327971392388,0.9875601881549075
0.9868869366005173,78.53690156504484,0.95,0.9799137279945553
0.9900538501042633,78.46000129028297,1.029571899870396,0.960593318705653
0.9905051420006733,78.4404317564479,0.9816469272728414,0.9823573029510414
0.9929647961193003,78.48833734640932,1.0243242481947934,0.9611909179080643
